ticker,signal_date,entry_date,exit_date,position,pred_prob,raw_return,net_return
AAPL,2017-03-20,2017-03-21,2017-03-22,-1,0.44660624209866817,-0.015903083373330795,0.013903083373330795
AAPL,2017-03-22,2017-03-23,2017-03-24,-1,0.4296138392686934,0.0016991623698086045,-0.0036991623698086045
AAPL,2017-04-12,2017-04-13,2017-04-17,-1,0.42499466325757224,-0.0030303648882598067,0.0010303648882598066
AAPL,2017-04-25,2017-04-26,2017-04-27,1,0.5592674872359684,-0.0038073660779744944,-0.0058073660779744945
AAPL,2017-05-02,2017-05-03,2017-05-04,-1,0.42822487247419627,0.006387912560037012,-0.008387912560037012
AAPL,2017-05-17,2017-05-18,2017-05-19,1,0.5513149461373225,0.013948605864082753,0.011948605864082753
AAPL,2017-05-31,2017-06-01,2017-06-02,1,0.5508480741170729,0.0026769603394865005,0.0006769603394865004
AAPL,2017-06-05,2017-06-06,2017-06-07,-1,0.4251060216565634,0.007277663355983011,-0.00927766335598301
AAPL,2017-06-07,2017-06-08,2017-06-09,1,0.5501195634190524,-0.00038641344266021616,-0.002386413442660216
AAPL,2017-06-13,2017-06-14,2017-06-15,1,0.6139147289374368,-0.028338975044625903,-0.030338975044625904
AAPL,2017-06-14,2017-06-15,2017-06-16,1,0.6233827923445233,0.00320937296064705,0.00120937296064705
AAPL,2017-06-15,2017-06-16,2017-06-19,1,0.6075443302776197,-0.000834595258399573,-0.002834595258399573
AAPL,2017-06-22,2017-06-23,2017-06-26,1,0.5521615177421173,0.014056130322201543,0.012056130322201543
AAPL,2017-07-10,2017-07-11,2017-07-12,1,0.5667343624115918,0.007876921291055439,0.005876921291055439
AAPL,2017-07-11,2017-07-12,2017-07-13,1,0.5509448392379669,-0.0025364596601138434,-0.004536459660113843
AAPL,2017-08-14,2017-08-15,2017-08-16,1,0.5816018148986744,0.007966538743443996,0.005966538743443996
AAPL,2017-09-06,2017-09-07,2017-09-08,-1,0.44291224330681944,-0.0075882964458728885,0.0055882964458728885
AAPL,2017-09-20,2017-09-21,2017-09-22,1,0.6033566025387366,-0.027342981606371608,-0.02934298160637161
AAPL,2017-09-21,2017-09-22,2017-09-25,-1,0.43083829583258376,-0.010228163681096247,0.008228163681096247
AAPL,2017-09-27,2017-09-28,2017-09-29,1,0.5594627700846067,-0.0044185115277588505,-0.0064185115277588505
AAPL,2017-09-29,2017-10-02,2017-10-03,1,0.5642671094780116,-0.0016205213294342435,-0.0036205213294342436
AAPL,2017-10-04,2017-10-05,2017-10-06,1,0.550861169168458,0.0051240550154181275,0.0031240550154181274
AAPL,2017-10-06,2017-10-09,2017-10-10,1,0.5748920425644182,0.001605070911734563,-0.0003949290882654371
AAPL,2017-10-23,2017-10-24,2017-10-25,1,0.5517064440640298,0.003967200687822858,0.0019672006878228582
AAPL,2017-10-25,2017-10-26,2017-10-27,1,0.5593895234249991,0.013102233861440382,0.011102233861440382
AAPL,2017-10-26,2017-10-27,2017-10-30,1,0.5659466443523089,0.028878332034579124,0.026878332034579122
AAPL,2017-10-27,2017-10-30,2017-10-31,1,0.5554987624878545,0.02446748879693006,0.022467488796930057
AAPL,2017-11-21,2017-11-22,2017-11-24,1,0.5747865842455826,0.010036948188729244,0.008036948188729244
AAPL,2017-11-27,2017-11-28,2017-11-29,1,0.564885311036442,-0.009580895784252141,-0.011580895784252141
AAPL,2017-11-30,2017-12-01,2017-12-04,-1,0.4384080379580652,0.014886457549318832,-0.016886457549318834
AAPL,2017-12-05,2017-12-06,2017-12-07,1,0.5518001684844996,0.009134271199244814,0.007134271199244814
AAPL,2017-12-11,2017-12-12,2017-12-13,1,0.5555832951845936,0.0020331301469160845,3.313014691608447e-05
AAPL,2017-12-14,2017-12-15,2017-12-18,1,0.5620647634686348,0.007199351629847195,0.005199351629847195
AAPL,2017-12-27,2017-12-28,2017-12-29,-1,0.4432497899234315,-0.002806957170707114,0.0008069571707071139
AAPL,2018-01-03,2018-01-04,2018-01-05,1,0.6062374596037621,0.0052163062354437795,0.0032163062354437794
AAPL,2018-01-05,2018-01-08,2018-01-09,1,0.5796305214930593,0.001147189641822255,-0.0008528103581777451
AAPL,2018-01-08,2018-01-09,2018-01-10,1,0.564391461713391,-0.007963246378781319,-0.009963246378781319
AAPL,2018-01-10,2018-01-11,2018-01-12,1,0.5596500629633311,0.009106798633867541,0.007106798633867541
AAPL,2018-01-12,2018-01-16,2018-01-17,1,0.5606365144026443,-0.00983679412859384,-0.01183679412859384
AAPL,2018-01-25,2018-01-26,2018-01-29,-1,0.4292496997460826,-0.01069745506337394,0.00869745506337394
AAPL,2018-02-01,2018-02-02,2018-02-05,1,0.5531385235985137,-0.04156599347143486,-0.04356599347143486
AAPL,2018-02-07,2018-02-08,2018-02-09,1,0.5811647220648815,-0.016093122886533417,-0.01809312288653342
AAPL,2018-02-12,2018-02-13,2018-02-14,1,0.5571073384583374,0.006730896246421869,0.004730896246421869
AAPL,2018-02-14,2018-02-15,2018-02-16,1,0.5743603066763513,0.01513631215703426,0.01313631215703426
AAPL,2018-02-15,2018-02-16,2018-02-20,1,0.5920580176438072,-0.0017983324750211471,-0.003798332475021147
AAPL,2018-02-23,2018-02-26,2018-02-27,1,0.5502105274983098,0.015593824423036251,0.013593824423036251
AAPL,2018-03-05,2018-03-06,2018-03-07,1,0.5520290303595365,-0.0166939493119741,-0.0186939493119741
AAPL,2018-03-09,2018-03-12,2018-03-13,1,0.562447556018892,0.012757258245381875,0.010757258245381875
AAPL,2018-03-19,2018-03-20,2018-03-21,-1,0.43678879205848187,-0.0011412505935910477,-0.0008587494064089523
AAPL,2018-03-26,2018-03-27,2018-03-28,1,0.5634268616250193,-0.03702267223388589,-0.03902267223388589
AAPL,2018-03-27,2018-03-28,2018-03-29,1,0.620879518763801,0.003348436695632895,0.0013484366956328948
AAPL,2018-03-28,2018-03-29,2018-04-02,1,0.5939237392754744,-0.006972303870553476,-0.008972303870553476
AAPL,2018-03-29,2018-04-02,2018-04-03,1,0.6761397221338509,0.006001136209323077,0.004001136209323077
AAPL,2018-04-02,2018-04-03,2018-04-04,1,0.6101265249588731,-0.016463885528057887,-0.01846388552805789
AAPL,2018-04-03,2018-04-04,2018-04-05,1,0.6439388626478656,0.04670081684195204,0.04470081684195204
AAPL,2018-04-04,2018-04-05,2018-04-06,1,0.6589767486806781,-0.009328993499056915,-0.011328993499056915
AAPL,2018-04-05,2018-04-06,2018-04-09,1,0.6158125556837355,-0.006375395026969155,-0.008375395026969155
AAPL,2018-04-06,2018-04-09,2018-04-10,1,0.6120494735886485,0.018365610004622335,0.016365610004622333
AAPL,2018-04-09,2018-04-10,2018-04-11,1,0.6157357703292742,-0.0044507579440064005,-0.0064507579440064005
AAPL,2018-04-10,2018-04-11,2018-04-12,1,0.6388180605305503,0.006851372772429087,0.004851372772429087
AAPL,2018-04-11,2018-04-12,2018-04-13,1,0.6250724399137729,0.007900348562503323,0.005900348562503323
AAPL,2018-04-12,2018-04-13,2018-04-16,1,0.6048386625671663,0.0014300912386620013,-0.0005699087613379988
AAPL,2018-04-13,2018-04-16,2018-04-17,1,0.5686083052247571,0.008341487710305406,0.006341487710305406
AAPL,2018-04-20,2018-04-23,2018-04-24,1,0.5604910377689171,-0.006953018525829968,-0.008953018525829968
AAPL,2018-04-23,2018-04-24,2018-04-25,1,0.5751114305009499,-0.01841007129733052,-0.020410071297330523
AAPL,2018-04-24,2018-04-25,2018-04-26,1,0.6253220789138784,0.009223786639890541,0.007223786639890541
AAPL,2018-04-25,2018-04-26,2018-04-27,1,0.6238489615780749,-0.0007311935265053027,-0.0027311935265053027
AAPL,2018-04-26,2018-04-27,2018-04-30,1,0.6454850794614279,-0.01140251811952453,-0.01340251811952453
AAPL,2018-04-27,2018-04-30,2018-05-01,1,0.6501856146351942,0.026398778024479652,0.02439877802447965
AAPL,2018-04-30,2018-05-01,2018-05-02,1,0.629861743204438,0.053001519727286395,0.05100151972728639
AAPL,2018-05-01,2018-05-02,2018-05-03,1,0.6591735772084286,0.0037094071204506474,0.0017094071204506473
AAPL,2018-05-02,2018-05-03,2018-05-04,1,0.5818255703311828,0.013475004821601466,0.011475004821601466
AAPL,2018-05-31,2018-06-01,2018-06-04,1,0.5599851959028375,0.019415895572164388,0.017415895572164386
AAPL,2018-06-11,2018-06-12,2018-06-13,-1,0.435840227297637,0.005381599193872599,-0.007381599193872599
GOOGL,2017-03-17,2017-03-20,2017-03-21,1,0.5744538235521107,0.000666903699761523,-0.001333096300238477
GOOGL,2017-03-22,2017-03-23,2017-03-24,-1,0.4256006406350771,0.0007250202702160369,-0.002725020270216037
GOOGL,2017-03-24,2017-03-27,2017-03-28,-1,0.4279009561430156,0.01400803377130555,-0.016008033771305552
GOOGL,2017-03-27,2017-03-28,2017-03-29,1,0.5580307653258267,0.0036444916088105295,0.0016444916088105294
GOOGL,2017-03-28,2017-03-29,2017-03-30,1,0.5806094510808372,0.010951893190933815,0.008951893190933815
GOOGL,2017-03-30,2017-03-31,2017-04-03,1,0.5563565442681075,0.002267178809393533,0.00026717880939353296
GOOGL,2017-04-12,2017-04-13,2017-04-17,1,0.5715407874152018,0.00040426209628185994,-0.00159573790371814
GOOGL,2017-04-13,2017-04-17,2017-04-18,1,0.5518876872155913,0.013263886931368374,0.011263886931368374
GOOGL,2017-04-17,2017-04-18,2017-04-19,1,0.5521920817058903,0.0056887720262011054,0.0036887720262011054
GOOGL,2017-04-20,2017-04-21,2017-04-24,1,0.574202821319658,0.0090865217383298,0.0070865217383298
GOOGL,2017-04-24,2017-04-25,2017-04-26,1,0.5549038483761695,0.010348314202648368,0.008348314202648368
GOOGL,2017-05-01,2017-05-02,2017-05-03,-1,0.4336972355316656,0.002978821349292504,-0.004978821349292504
GOOGL,2017-05-11,2017-05-12,2017-05-15,1,0.5768120272193584,-0.002672615440546755,-0.004672615440546755
GOOGL,2017-05-15,2017-05-16,2017-05-17,1,0.5630310509009425,-0.003995716610735389,-0.005995716610735389
GOOGL,2017-05-16,2017-05-17,2017-05-18,1,0.5625574766468224,-0.01719290637575488,-0.01919290637575488
GOOGL,2017-05-17,2017-05-18,2017-05-19,1,0.5741461315679665,0.010199373929566491,0.008199373929566491
GOOGL,2017-05-26,2017-05-30,2017-05-31,-1,0.4137178951708481,0.0037380977660290693,-0.005738097766029069
GOOGL,2017-06-12,2017-06-13,2017-06-14,-1,0.4265672428460743,0.003559402552812063,-0.005559402552812063
GOOGL,2017-06-20,2017-06-21,2017-06-22,1,0.5589395535529679,0.006262750195335398,0.004262750195335398
GOOGL,2017-06-22,2017-06-23,2017-06-26,1,0.573456948494514,0.014864053900117247,0.012864053900117247
GOOGL,2017-06-23,2017-06-26,2017-06-27,1,0.5510894673229145,-0.02868675433247414,-0.030686754332474142
GOOGL,2017-07-03,2017-07-05,2017-07-06,1,0.5564159570684781,0.0008656174313923515,-0.0011343825686076486
GOOGL,2017-07-10,2017-07-11,2017-07-12,1,0.562901868301437,0.010878289191210921,0.008878289191210921
GOOGL,2017-07-18,2017-07-19,2017-07-20,-1,0.4383079128839038,0.007060352893519806,-0.009060352893519806
GOOGL,2017-07-19,2017-07-20,2017-07-21,1,0.5608213846924096,-0.008024012446220419,-0.010024012446220419
GOOGL,2017-08-15,2017-08-16,2017-08-17,1,0.5639472230689394,0.001806201725618406,-0.00019379827438159407
GOOGL,2017-08-16,2017-08-17,2017-08-18,1,0.5604396890275517,-0.01693625111360131,-0.01893625111360131
GOOGL,2017-08-17,2017-08-18,2017-08-21,1,0.5601763478868828,-0.0013052494817168414,-0.0033052494817168415
GOOGL,2017-08-21,2017-08-22,2017-08-23,1,0.5682217777248982,0.010831103053221547,0.008831103053221547
GOOGL,2017-08-23,2017-08-24,2017-08-25,1,0.5616948512580803,-0.0047684690315290545,-0.006768469031529055
GOOGL,2017-08-24,2017-08-25,2017-08-28,1,0.5704477589282592,-0.007804364416534204,-0.009804364416534204
GOOGL,2017-08-25,2017-08-28,2017-08-29,1,0.5543509309022657,-0.0128020877919236,-0.0148020877919236
GOOGL,2017-08-28,2017-08-29,2017-08-30,1,0.5576522668467386,0.01708791391281661,0.01508791391281661
GOOGL,2017-09-20,2017-09-21,2017-09-22,1,0.5677911444625302,-0.005653239523710996,-0.007653239523710996
GOOGL,2017-09-22,2017-09-25,2017-09-26,1,0.5731730978143867,-0.002937849406187798,-0.004937849406187798
GOOGL,2017-09-25,2017-09-26,2017-09-27,1,0.5971580191600686,0.006458837092762959,0.004458837092762959
GOOGL,2017-09-27,2017-09-28,2017-09-29,1,0.5902841875434218,0.010195964410235847,0.008195964410235847
GOOGL,2017-10-04,2017-10-05,2017-10-06,1,0.5611247753074501,0.007411800591042628,0.005411800591042628
GOOGL,2017-10-10,2017-10-11,2017-10-12,1,0.5554022120301731,0.014964039543196028,0.012964039543196028
GOOGL,2017-10-20,2017-10-23,2017-10-24,-1,0.4465363031827838,-0.018583702259869384,0.01658370225986938
GOOGL,2017-11-21,2017-11-22,2017-11-24,1,0.5653183586368612,0.0030727868287661053,0.0010727868287661053
GOOGL,2017-11-27,2017-11-28,2017-11-29,1,0.5613653230925512,-0.016583273375809116,-0.018583273375809117
GOOGL,2017-11-28,2017-11-29,2017-11-30,-1,0.40157371533966085,-0.015376022770142495,0.013376022770142494
GOOGL,2017-12-06,2017-12-07,2017-12-08,1,0.561642852346694,0.015191983101763284,0.013191983101763284
GOOGL,2017-12-11,2017-12-12,2017-12-13,1,0.5549839773455838,0.0019808458359151793,-1.9154164084820777e-05
GOOGL,2017-12-18,2017-12-19,2017-12-20,-1,0.44478032987320576,-0.0019390400409704522,-6.09599590295478e-05
GOOGL,2018-02-01,2018-02-02,2018-02-05,1,0.5660815443518733,-0.023779952605321064,-0.025779952605321066
GOOGL,2018-02-02,2018-02-05,2018-02-06,-1,0.44706830488316174,-0.060539082945708755,0.058539082945708754
GOOGL,2018-02-08,2018-02-09,2018-02-12,-1,0.4481801820420775,0.03001326909606128,-0.03201326909606128
GOOGL,2018-02-14,2018-02-15,2018-02-16,1,0.6012720494892574,0.009164984981369972,0.007164984981369972
GOOGL,2018-02-15,2018-02-16,2018-02-20,1,0.5982507863652762,-0.0005668642417849812,-0.0025668642417849812
GOOGL,2018-02-20,2018-02-21,2018-02-22,1,0.5775364265437296,0.00907936918529173,0.00707936918529173
GOOGL,2018-02-21,2018-02-22,2018-02-23,1,0.562144893045916,-0.0004557221787180321,-0.002455722178718032
GOOGL,2018-02-22,2018-02-23,2018-02-26,1,0.5502696536543791,0.01179978458843034,0.00979978458843034
GOOGL,2018-03-05,2018-03-06,2018-03-07,1,0.5687125448634013,-0.008420242043250425,-0.010420242043250426
GOOGL,2018-03-07,2018-03-08,2018-03-09,1,0.5778798544021106,0.019960525627838788,0.017960525627838786
GOOGL,2018-03-08,2018-03-09,2018-03-12,1,0.5807732186700858,0.022422071572214763,0.02042207157221476
GOOGL,2018-03-12,2018-03-13,2018-03-14,1,0.55470126001483,-0.022212983925763208,-0.02421298392576321
GOOGL,2018-03-15,2018-03-16,2018-03-19,1,0.5748932591874404,-0.03253570640892567,-0.03453570640892567
GOOGL,2018-03-20,2018-03-21,2018-03-22,1,0.5892192148403013,-0.01149602968867447,-0.01349602968867447
GOOGL,2018-03-21,2018-03-22,2018-03-23,1,0.5879811639262028,-0.026518084613279425,-0.028518084613279426
GOOGL,2018-03-22,2018-03-23,2018-03-26,1,0.613238615114866,-0.0007324879334817957,-0.002732487933481796
GOOGL,2018-03-23,2018-03-26,2018-03-27,1,0.6433222620256107,0.01265941319657271,0.01065941319657271
GOOGL,2018-03-26,2018-03-27,2018-03-28,1,0.6216811818531466,-0.05826665903540129,-0.06026665903540129
GOOGL,2018-03-27,2018-03-28,2018-03-29,1,0.6747069303551722,0.009282229351102789,0.007282229351102789
GOOGL,2018-03-28,2018-03-29,2018-04-02,1,0.6683309108266074,0.01622813742199236,0.014228137421992361
GOOGL,2018-03-29,2018-04-02,2018-04-03,1,0.7094007866083387,-0.011161844247080333,-0.013161844247080333
GOOGL,2018-04-02,2018-04-03,2018-04-04,1,0.6899669485545825,-0.017635104054995576,-0.019635104054995578
GOOGL,2018-04-03,2018-04-04,2018-04-05,1,0.7069404989058496,0.048245491819011166,0.046245491819011164
GOOGL,2018-04-04,2018-04-05,2018-04-06,1,0.7384618028250097,-0.02225751448124047,-0.024257514481240472
GOOGL,2018-04-05,2018-04-06,2018-04-09,1,0.6962186970862309,-0.0029909324053397635,-0.0049909324053397635
GOOGL,2018-04-06,2018-04-09,2018-04-10,1,0.7471451697990078,0.010019318135917166,0.008019318135917166
GOOGL,2018-04-09,2018-04-10,2018-04-11,1,0.7154782692720385,0.001688746261392371,-0.0003112537386076291
GOOGL,2018-04-10,2018-04-11,2018-04-12,1,0.7119028130933909,-0.0005134975505075579,-0.002513497550507558
GOOGL,2018-04-11,2018-04-12,2018-04-13,1,0.7026949896609703,0.014949545996691738,0.012949545996691738
GOOGL,2018-04-12,2018-04-13,2018-04-16,1,0.6948454011836805,-0.0012799472801833245,-0.0032799472801833245
GOOGL,2018-04-13,2018-04-16,2018-04-17,1,0.7058965220923874,0.014968088010598679,0.012968088010598679
GOOGL,2018-04-16,2018-04-17,2018-04-18,1,0.6795510427070367,0.01678292710141882,0.01478292710141882
GOOGL,2018-04-17,2018-04-18,2018-04-19,1,0.6562651144406806,-0.009258493302432336,-0.011258493302432336
GOOGL,2018-04-25,2018-04-26,2018-04-27,1,0.634994866853292,0.011924004055921866,0.009924004055921866
GOOGL,2018-04-26,2018-04-27,2018-04-30,1,0.652853488364641,-0.010635499016224292,-0.012635499016224292
GOOGL,2018-04-27,2018-04-30,2018-05-01,1,0.6634608038509225,-0.017517241363189218,-0.01951724136318922
GOOGL,2018-04-30,2018-05-01,2018-05-02,1,0.6657617755523353,0.017416245129951546,0.015416245129951546
GOOGL,2018-05-01,2018-05-02,2018-05-03,1,0.7145367290856851,-0.008346324545765338,-0.010346324545765338
GOOGL,2018-05-02,2018-05-03,2018-05-04,1,0.6623545571013081,-0.005617464528310578,-0.0076174645283105785
GOOGL,2018-05-03,2018-05-04,2018-05-07,1,0.6658455101647385,0.03362060315347337,0.03162060315347337
GOOGL,2018-05-04,2018-05-07,2018-05-08,1,0.7234155088301792,0.010181345454734814,0.008181345454734814
GOOGL,2018-05-07,2018-05-08,2018-05-09,1,0.6249390900735864,-0.000488303255137823,-0.002488303255137823
GOOGL,2018-05-08,2018-05-09,2018-05-10,1,0.6113683483394894,0.029038572175950073,0.02703857217595007
GOOGL,2018-05-09,2018-05-10,2018-05-11,1,0.5926006518957299,0.004940612627187813,0.0029406126271878125
GOOGL,2018-05-22,2018-05-23,2018-05-24,1,0.5501065053356418,0.015794333991558718,0.013794333991558718
GOOGL,2018-05-24,2018-05-25,2018-05-29,1,0.5774441788013244,-0.009709750663256633,-0.011709750663256633
GOOGL,2018-05-25,2018-05-29,2018-05-30,1,0.5517271754839805,-0.002341929674016474,-0.004341929674016474
GOOGL,2018-05-29,2018-05-30,2018-05-31,1,0.5968745466980503,0.007936814669504688,0.005936814669504688
GOOGL,2018-05-31,2018-06-01,2018-06-04,1,0.6134858364263875,0.0230304495737923,0.021030449573792298
GOOGL,2018-06-01,2018-06-04,2018-06-05,-1,0.4387425351711796,0.014194256623101031,-0.016194256623101033
GOOGL,2018-06-12,2018-06-13,2018-06-14,-1,0.4475225177135789,-6.07241763372901e-05,-0.00193927582366271
JPM,2017-03-17,2017-03-20,2017-03-21,1,0.5522577763910832,0.0009971315197452313,-0.0010028684802547688
JPM,2017-03-20,2017-03-21,2017-03-22,-1,0.4481244942997514,-0.03840203872701786,0.03640203872701786
JPM,2017-03-22,2017-03-23,2017-03-24,1,0.5561229650817594,0.006650424466816851,0.004650424466816851
JPM,2017-03-23,2017-03-24,2017-03-27,1,0.6480651264588,-0.02574344258589767,-0.02774344258589767
JPM,2017-03-24,2017-03-27,2017-03-28,1,0.5946277972453803,0.017421608191115157,0.015421608191115157
JPM,2017-03-27,2017-03-28,2017-03-29,1,0.5558178752921356,0.018156423495043983,0.01615642349504398
JPM,2017-03-28,2017-03-29,2017-03-30,1,0.5647422769306352,-0.004514576795570768,-0.006514576795570768
JPM,2017-03-31,2017-04-03,2017-04-04,1,0.5704557100404528,-0.006827542825021737,-0.008827542825021737
JPM,2017-04-04,2017-04-05,2017-04-06,1,0.5752020585642876,-0.02759529580420972,-0.02959529580420972
JPM,2017-04-07,2017-04-10,2017-04-11,1,0.5817848995112522,-0.006273064059753475,-0.008273064059753475
JPM,2017-04-18,2017-04-19,2017-04-20,1,0.5651579062306152,-0.006081419601392968,-0.008081419601392968
JPM,2017-04-19,2017-04-20,2017-04-21,1,0.55994886241076,0.006119083793170388,0.004119083793170388
JPM,2017-04-20,2017-04-21,2017-04-24,1,0.5788243307628028,0.012280483609255599,0.010280483609255599
JPM,2017-04-21,2017-04-24,2017-04-25,1,0.5799257681686294,0.023108140118323517,0.021108140118323515
JPM,2017-04-24,2017-04-25,2017-04-26,1,0.5670153154181935,-0.0022585710506610734,-0.0042585710506610735
JPM,2017-04-27,2017-04-28,2017-05-01,1,0.5507432203942091,-0.0027393751185579296,-0.00473937511855793
JPM,2017-05-18,2017-05-19,2017-05-22,1,0.5562475787211749,0.011519250011370996,0.009519250011370996
JPM,2017-05-19,2017-05-22,2017-05-23,1,0.6625283935998775,-0.005048457089713576,-0.007048457089713576
JPM,2017-05-22,2017-05-23,2017-05-24,1,0.5849365668087023,0.013333194363626344,0.011333194363626344
JPM,2017-05-23,2017-05-24,2017-05-25,1,0.5851676566349441,0.001280847753082348,-0.0007191522469176519
JPM,2017-05-24,2017-05-25,2017-05-26,1,0.5799403053191455,-0.010233578964409018,-0.012233578964409018
JPM,2017-05-25,2017-05-26,2017-05-30,1,0.5608996301755089,0.0002349724601722336,-0.0017650275398277664
JPM,2017-05-26,2017-05-30,2017-05-31,1,0.5792506443394645,-0.016445453439968283,-0.018445453439968285
JPM,2017-05-30,2017-05-31,2017-06-01,1,0.5522062767631072,-0.015167922967897929,-0.01716792296789793
JPM,2017-05-31,2017-06-01,2017-06-02,1,0.5669445823419779,-0.0020613621131304605,-0.0040613621131304605
JPM,2017-06-01,2017-06-02,2017-06-05,1,0.6271938616055035,0.004253067348610973,0.0022530673486109726
JPM,2017-06-02,2017-06-05,2017-06-06,1,0.5767852394730013,-0.004235005329706665,-0.006235005329706665
JPM,2017-06-05,2017-06-06,2017-06-07,1,0.5554665087518137,0.01239482929956992,0.01039482929956992
JPM,2017-06-06,2017-06-07,2017-06-08,1,0.5683259672424752,0.0072022645919362915,0.0052022645919362915
JPM,2017-06-19,2017-06-20,2017-06-21,-1,0.44245747612805864,-0.003076954287037692,0.001076954287037692
JPM,2017-07-07,2017-07-10,2017-07-11,1,0.5511370205049707,-0.0018179441545511654,-0.0038179441545511655
JPM,2017-07-11,2017-07-12,2017-07-13,1,0.5596479225919446,0.0008641195847693961,-0.001135880415230604
JPM,2017-08-01,2017-08-02,2017-08-03,1,0.5701935026828046,-0.0018306395983873625,-0.0038306395983873625
JPM,2017-09-11,2017-09-12,2017-09-13,1,0.550885275713581,0.004879724668220842,0.0028797246682208417
JPM,2017-09-12,2017-09-13,2017-09-14,1,0.5748205935698918,0.006511547266753848,0.004511547266753848
JPM,2017-09-13,2017-09-14,2017-09-15,1,0.5509204197107259,-0.0013157889365847941,-0.003315788936584794
JPM,2017-09-14,2017-09-15,2017-09-18,1,0.5684357586039558,0.009332728778451482,0.007332728778451482
JPM,2017-09-15,2017-09-18,2017-09-19,1,0.5589409918701638,0.00848438164698262,0.006484381646982619
JPM,2017-10-04,2017-10-05,2017-10-06,1,0.556112150670886,0.01614553095741189,0.014145530957411891
JPM,2017-10-19,2017-10-20,2017-10-23,1,0.5527210060396711,0.0023163729375990094,0.0003163729375990094
JPM,2017-10-23,2017-10-24,2017-10-25,-1,0.43728196756416043,0.01371674821731994,-0.015716748217319942
JPM,2017-10-26,2017-10-27,2017-10-30,-1,0.42756322528794244,-0.002958142214891435,0.0009581422148914349
JPM,2017-11-01,2017-11-02,2017-11-03,-1,0.4388177769850349,0.0022796892221048637,-0.004279689222104864
JPM,2017-11-08,2017-11-09,2017-11-10,-1,0.3893417004412361,0.0071044229900096845,-0.009104422990009685
JPM,2017-11-14,2017-11-15,2017-11-16,1,0.551487364562211,0.022201317774832807,0.020201317774832805
JPM,2017-11-20,2017-11-21,2017-11-22,1,0.5562604162368463,-0.004723527529496674,-0.006723527529496674
JPM,2017-11-28,2017-11-29,2017-11-30,-1,0.4185228269041634,0.022751582663514736,-0.024751582663514737
JPM,2017-12-13,2017-12-14,2017-12-15,1,0.550193795066841,-0.003110016335127419,-0.005110016335127419
JPM,2018-01-29,2018-01-30,2018-01-31,1,0.559659955594675,0.0010384817900312981,-0.0009615182099687019
JPM,2018-02-12,2018-02-13,2018-02-14,1,0.6109309751206337,0.011768003334874377,0.009768003334874377
JPM,2018-02-14,2018-02-15,2018-02-16,1,0.5706935381314033,-0.010281374698281054,-0.012281374698281054
JPM,2018-02-15,2018-02-16,2018-02-20,1,0.5762238162170212,0.0008730269045789107,-0.0011269730954210893
JPM,2018-03-06,2018-03-07,2018-03-08,1,0.5629870901622415,0.011956197760549792,0.009956197760549792
JPM,2018-03-07,2018-03-08,2018-03-09,1,0.5577458774146598,0.0125095416258858,0.0105095416258858
JPM,2018-03-08,2018-03-09,2018-03-12,1,0.5837289385652971,0.012440929261518185,0.010440929261518185
JPM,2018-03-09,2018-03-12,2018-03-13,1,0.5538766535827319,0.0016949632043048446,-0.00030503679569515545
JPM,2018-03-12,2018-03-13,2018-03-14,1,0.5778315208733792,-0.013874784293966824,-0.015874784293966826
JPM,2018-03-14,2018-03-15,2018-03-16,1,0.5685207585066777,-0.004574195135960468,-0.006574195135960468
JPM,2018-03-16,2018-03-19,2018-03-20,1,0.5900142151912311,-0.001998218579835953,-0.003998218579835953
JPM,2018-03-21,2018-03-22,2018-03-23,1,0.5780808611062002,-0.025883295476979762,-0.027883295476979764
JPM,2018-03-23,2018-03-26,2018-03-27,1,0.5913671966732268,0.017217599760426916,0.015217599760426916
JPM,2018-03-26,2018-03-27,2018-03-28,1,0.5976148250895512,-0.02511908891912451,-0.027119088919124512
JPM,2018-03-27,2018-03-28,2018-03-29,1,0.6571156961486126,0.0020319737446152786,3.1973744615278535e-05
JPM,2018-03-28,2018-03-29,2018-04-02,1,0.7028181322557687,0.013455949825297298,0.011455949825297298
JPM,2018-03-29,2018-04-02,2018-04-03,1,0.7464880407815115,-0.014550691293761076,-0.016550691293761077
JPM,2018-04-02,2018-04-03,2018-04-04,1,0.6902923900901063,-0.011628117059748422,-0.013628117059748422
JPM,2018-04-03,2018-04-04,2018-04-05,1,0.693906235074221,0.04758243751733193,0.04558243751733193
JPM,2018-04-04,2018-04-05,2018-04-06,1,0.7276066295518717,-0.009674539760136103,-0.011674539760136103
JPM,2018-04-05,2018-04-06,2018-04-09,1,0.638750993590226,-0.004884683535924195,-0.006884683535924195
JPM,2018-04-06,2018-04-09,2018-04-10,1,0.6273692191137706,0.01927088445671954,0.017270884456719537
JPM,2018-04-09,2018-04-10,2018-04-11,1,0.71062338586204,-0.004191581153561885,-0.006191581153561885
JPM,2018-04-10,2018-04-11,2018-04-12,1,0.6651328774217653,-0.0008955461756310346,-0.0028955461756310346
JPM,2018-04-11,2018-04-12,2018-04-13,1,0.6338819708892445,0.031014847630497444,0.029014847630497442
JPM,2018-04-12,2018-04-13,2018-04-16,1,0.6635313227281624,-0.03547197932024815,-0.03747197932024815
JPM,2018-04-13,2018-04-16,2018-04-17,1,0.5726172049548592,0.00387597165776965,0.00187597165776965
JPM,2018-04-16,2018-04-17,2018-04-18,1,0.579024373570727,-0.007542613435899459,-0.009542613435899459
JPM,2018-04-17,2018-04-18,2018-04-19,1,0.701584375103154,-0.009047314984933497,-0.011047314984933497
JPM,2018-04-18,2018-04-19,2018-04-20,1,0.6415181782344849,0.025289977605714276,0.023289977605714274
JPM,2018-04-19,2018-04-20,2018-04-23,1,0.6591033793338146,-0.006500630765559845,-0.008500630765559845
JPM,2018-04-20,2018-04-23,2018-04-24,1,0.6342843293976616,0.0016132880667023564,-0.0003867119332976437
JPM,2018-04-23,2018-04-24,2018-04-25,1,0.6099316838008182,-0.013243719176922908,-0.015243719176922908
JPM,2018-04-24,2018-04-25,2018-04-26,1,0.655646554927936,-0.0027206993737403096,-0.00472069937374031
JPM,2018-04-25,2018-04-26,2018-04-27,1,0.6075539720960063,-0.0038191971849138584,-0.0058191971849138584
JPM,2018-04-26,2018-04-27,2018-04-30,1,0.5845908046493656,0.0018257558066836488,-0.00017424419331635126
JPM,2018-04-27,2018-04-30,2018-05-01,1,0.607294703212038,-0.01184513031214407,-0.01384513031214407
JPM,2018-04-30,2018-05-01,2018-05-02,1,0.5619991777506076,-0.0031351478182195525,-0.0051351478182195525
JPM,2018-05-01,2018-05-02,2018-05-03,1,0.5546988149788965,-0.004810115502089318,-0.006810115502089318
JPM,2018-05-02,2018-05-03,2018-05-04,1,0.583505119391055,-0.01078154699724676,-0.01278154699724676
JPM,2018-05-03,2018-05-04,2018-05-07,1,0.5885763070005582,0.02189231711823636,0.019892317118236358
JPM,2018-05-04,2018-05-07,2018-05-08,1,0.5906327579135683,0.00707998144684141,0.00507998144684141
JPM,2018-05-07,2018-05-08,2018-05-09,1,0.5835547190608777,0.01743811692661179,0.01543811692661179
JPM,2018-05-08,2018-05-09,2018-05-10,1,0.5859999785047603,0.01570361498900641,0.01370361498900641
JPM,2018-05-09,2018-05-10,2018-05-11,1,0.5683403152139183,0.011484859001061665,0.009484859001061665
JPM,2018-05-30,2018-05-31,2018-06-01,1,0.575171606641542,0.0036127224106943245,0.0016127224106943245
JPM,2018-05-31,2018-06-01,2018-06-04,1,0.617892095089651,0.0059998850909852575,0.003999885090985257
JPM,2018-06-01,2018-06-04,2018-06-05,1,0.6220604889047716,-0.006881612191584674,-0.008881612191584674
JPM,2018-06-04,2018-06-05,2018-06-06,1,0.7004306992290782,0.003880408427195947,0.001880408427195947
JPM,2018-06-05,2018-06-06,2018-06-07,1,0.6361626646634891,0.023191678675616112,0.02119167867561611
JPM,2018-06-06,2018-06-07,2018-06-08,1,0.6440542375877439,-0.005036801267820024,-0.007036801267820024
JPM,2018-06-07,2018-06-08,2018-06-11,1,0.5948898440809726,0.004519982147829227,0.0025199821478292268
JPM,2018-06-08,2018-06-11,2018-06-12,1,0.5937364317893231,0.00017991079418666622,-0.0018200892058133338
JPM,2018-06-11,2018-06-12,2018-06-13,1,0.6344300439831466,-0.006118462414039905,-0.008118462414039905
JPM,2018-06-12,2018-06-13,2018-06-14,1,0.6029607968375066,-0.0016296243397504462,-0.0036296243397504462
JPM,2018-06-13,2018-06-14,2018-06-15,1,0.564180823291634,-0.02248820365587212,-0.02448820365587212
MSFT,2017-03-29,2017-03-30,2017-03-31,1,0.554057535017062,0.003515798450245189,0.0015157984502451888
MSFT,2017-05-08,2017-05-09,2017-05-10,1,0.5700401676479528,0.0018879901885806571,-0.0001120098114193429
MSFT,2017-05-12,2017-05-15,2017-05-16,-1,0.43478420083368025,0.00706057013262007,-0.00906057013262007
MSFT,2017-05-16,2017-05-17,2017-05-18,-1,0.43093682607055345,-0.021628809783712843,0.01962880978371284
MSFT,2017-05-19,2017-05-22,2017-05-23,1,0.5772979195933643,0.012225474725460428,0.010225474725460428
MSFT,2017-05-26,2017-05-30,2017-05-31,-1,0.4363801790164455,0.010602957664639812,-0.012602957664639812
MSFT,2017-05-31,2017-06-01,2017-06-02,-1,0.43165016366371256,0.0028475557285685404,-0.0048475557285685405
MSFT,2017-06-01,2017-06-02,2017-06-05,-1,0.39144827733498366,0.021720757320188078,-0.02372075732018808
MSFT,2017-06-05,2017-06-06,2017-06-07,-1,0.3524852365781465,0.004703151845935727,-0.006703151845935727
MSFT,2017-06-12,2017-06-13,2017-06-14,-1,0.4362430856486184,0.012710810371827863,-0.014710810371827863
MSFT,2017-06-20,2017-06-21,2017-06-22,1,0.553840381943668,0.004700001177171842,0.002700001177171842
MSFT,2017-06-22,2017-06-23,2017-06-26,1,0.5671568421301455,0.018689912785346374,0.016689912785346372
MSFT,2017-06-26,2017-06-27,2017-06-28,1,0.566538845088046,-0.012837031308636115,-0.014837031308636115
MSFT,2017-07-03,2017-07-05,2017-07-06,1,0.5516743155938659,0.00014622062171421035,-0.0018537793782857897
MSFT,2017-07-06,2017-07-07,2017-07-10,1,0.5544492726419796,0.011062981998354537,0.009062981998354537
MSFT,2017-07-10,2017-07-11,2017-07-12,1,0.5687538430190667,0.009857320506521106,0.007857320506521106
MSFT,2017-07-11,2017-07-12,2017-07-13,1,0.5560818466645605,0.011458389098730315,0.009458389098730315
MSFT,2017-07-17,2017-07-18,2017-07-19,-1,0.41658970377358284,0.00560930136979354,-0.00760930136979354
MSFT,2017-07-18,2017-07-19,2017-07-20,-1,0.37569049629873214,0.009252089654018913,-0.011252089654018914
MSFT,2017-07-20,2017-07-21,2017-07-24,-1,0.39758437724582035,0.0010889697647311625,-0.0030889697647311625
MSFT,2017-07-21,2017-07-24,2017-07-25,-1,0.4323825401546774,0.0036725613085935027,-0.005672561308593503
MSFT,2017-07-24,2017-07-25,2017-07-26,-1,0.4318791006381243,0.007316821179366828,-0.009316821179366828
MSFT,2017-07-25,2017-07-26,2017-07-27,-1,0.44085112243087743,-0.007801693174184332,0.005801693174184332
MSFT,2017-08-14,2017-08-15,2017-08-16,1,0.5593743011320442,-0.003396535831003078,-0.005396535831003078
MSFT,2017-08-15,2017-08-16,2017-08-17,1,0.5617572390619927,0.0032721992427584556,0.0012721992427584556
MSFT,2017-08-16,2017-08-17,2017-08-18,1,0.5540326361218784,-0.01780351317877993,-0.01980351317877993
MSFT,2017-08-17,2017-08-18,2017-08-21,1,0.5568131919280803,0.0027673422795226887,0.0007673422795226887
MSFT,2017-08-21,2017-08-22,2017-08-23,1,0.5603579582500978,0.008430800374278125,0.0064308003742781245
MSFT,2017-08-23,2017-08-24,2017-08-25,1,0.571007836347385,0.0016495908938742865,-0.00035040910612571356
MSFT,2017-08-25,2017-08-28,2017-08-29,1,0.5585915660399978,-0.011086583771953706,-0.013086583771953706
MSFT,2017-08-29,2017-08-30,2017-08-31,1,0.5725679589602345,0.013970174910047817,0.011970174910047817
MSFT,2017-09-01,2017-09-05,2017-09-06,-1,0.4182617695852434,0.0054540214470089055,-0.0074540214470089055
MSFT,2017-09-12,2017-09-13,2017-09-14,1,0.5574340485108339,0.0009339946731572457,-0.0010660053268427543
MSFT,2017-09-14,2017-09-15,2017-09-18,1,0.5678018436400896,0.005345857105194973,0.003345857105194973
MSFT,2017-09-26,2017-09-27,2017-09-28,-1,0.4258739935239778,-0.00013587842434137354,-0.0018641215756586265
MSFT,2017-09-28,2017-09-29,2017-10-02,1,0.5689729097019488,0.010413996550611593,0.008413996550611593
MSFT,2017-09-29,2017-10-02,2017-10-03,1,0.5757582235012364,-0.0005358690804390109,-0.002535869080439011
MSFT,2017-10-02,2017-10-03,2017-10-04,1,0.5608629020096846,-0.007767550984807858,-0.009767550984807858
MSFT,2017-10-04,2017-10-05,2017-10-06,1,0.5855748970733391,0.0059826216115068664,0.003982621611506866
MSFT,2017-10-11,2017-10-12,2017-10-13,-1,0.443486062322328,0.01438127070849693,-0.01638127070849693
MSFT,2017-10-13,2017-10-16,2017-10-17,-1,0.40869436851362423,0.000646093695148231,-0.002646093695148231
MSFT,2017-10-16,2017-10-17,2017-10-18,-1,0.44327228209154584,0.0025813886554917342,-0.004581388655491734
MSFT,2017-10-17,2017-10-18,2017-10-19,-1,0.4441709903642151,-0.0012873461186262425,-0.0007126538813737576
MSFT,2017-10-18,2017-10-19,2017-10-20,-1,0.4055318845380428,0.009668849873908592,-0.011668849873908592
MSFT,2017-10-19,2017-10-20,2017-10-23,-1,0.43611538377102743,0.008554730615559114,-0.010554730615559114
MSFT,2017-10-20,2017-10-23,2017-10-24,-1,0.42933261171027765,-0.0011395601321113613,-0.0008604398678886387
MSFT,2017-10-23,2017-10-24,2017-10-25,-1,0.4229850366960206,-0.004056019277903999,0.0020560192779039994
MSFT,2017-10-24,2017-10-25,2017-10-26,-1,0.4398912904425372,0.007890489877261153,-0.009890489877261153
MSFT,2017-10-26,2017-10-27,2017-10-30,-1,0.39697783248824753,-0.007941496775116796,0.005941496775116796
MSFT,2017-10-27,2017-10-30,2017-10-31,-1,0.42509323303201707,0.007885745053977544,-0.009885745053977544
MSFT,2017-10-30,2017-10-31,2017-11-01,1,0.5934929608620095,-0.00806069583043989,-0.01006069583043989
MSFT,2017-10-31,2017-11-01,2017-11-02,1,0.6020588011923057,-0.003943848526661631,-0.005943848526661631
MSFT,2017-11-01,2017-11-02,2017-11-03,1,0.5582787609014281,0.008758160069677556,0.006758160069677556
MSFT,2017-11-03,2017-11-06,2017-11-07,1,0.5902321598436856,0.006769541914363186,0.004769541914363186
MSFT,2017-11-06,2017-11-07,2017-11-08,1,0.5757128683434433,-0.0074322125477818135,-0.009432212547781814
MSFT,2017-11-07,2017-11-08,2017-11-09,1,0.6048093585572831,-0.0003562126066889437,-0.0023562126066889438
MSFT,2017-11-08,2017-11-09,2017-11-10,1,0.5520098023260377,-0.0038049680888186943,-0.005804968088818694
MSFT,2017-11-09,2017-11-10,2017-11-13,1,0.5932747914121351,-0.0015511853374863271,-0.003551185337486327
MSFT,2017-11-13,2017-11-14,2017-11-15,1,0.5722740643156141,0.004660867022608262,0.0026608670226082615
MSFT,2017-11-27,2017-11-28,2017-11-29,1,0.5688663433827803,0.007612765481626038,0.005612765481626038
MSFT,2017-12-06,2017-12-07,2017-12-08,1,0.5690748104519905,0.01320556265733197,0.01120556265733197
MSFT,2017-12-08,2017-12-11,2017-12-12,1,0.5603529147896638,0.012100713360304827,0.010100713360304827
MSFT,2017-12-11,2017-12-12,2017-12-13,1,0.5728969114177278,0.005040327998668159,0.0030403279986681592
MSFT,2017-12-27,2017-12-28,2017-12-29,1,0.5521683829930586,-0.0031431754609509976,-0.005143175460950998
MSFT,2018-01-12,2018-01-16,2018-01-17,1,0.5523321670081848,-0.011320866766323934,-0.013320866766323934
MSFT,2018-01-17,2018-01-18,2018-01-19,-1,0.4315311556651217,0.003786371576886882,-0.005786371576886882
MSFT,2018-02-01,2018-02-02,2018-02-05,1,0.5501109152380094,-0.03289177340737848,-0.03489177340737848
MSFT,2018-02-07,2018-02-08,2018-02-09,1,0.5670506142563614,-0.038011026117105606,-0.04001102611710561
MSFT,2018-02-12,2018-02-13,2018-02-14,1,0.5860925033431669,-4.765228183778447e-05,-0.0020476522818377845
MSFT,2018-02-14,2018-02-15,2018-02-16,1,0.5711050729244785,0.013594912749188781,0.011594912749188781
MSFT,2018-02-15,2018-02-16,2018-02-20,1,0.5695222934215326,-0.010491862221218118,-0.012491862221218118
MSFT,2018-02-23,2018-02-26,2018-02-27,1,0.5568766711527176,0.014194948357041381,0.012194948357041381
MSFT,2018-03-08,2018-03-09,2018-03-12,1,0.5511278434790998,0.012697996929206035,0.010697996929206035
MSFT,2018-03-26,2018-03-27,2018-03-28,1,0.5843059483700512,-0.05392895808923592,-0.055928958089235925
MSFT,2018-03-27,2018-03-28,2018-03-29,1,0.6085440046309321,0.004008101133278874,0.002008101133278874
MSFT,2018-03-28,2018-03-29,2018-04-02,1,0.6539221115942988,0.0032157901217966245,0.0012157901217966244
MSFT,2018-03-29,2018-04-02,2018-04-03,1,0.7003009124180137,-0.00983757314747069,-0.01183757314747069
MSFT,2018-04-02,2018-04-03,2018-04-04,1,0.6590787115212327,-0.01931237523209084,-0.02131237523209084
MSFT,2018-04-03,2018-04-04,2018-04-05,1,0.6919697315998214,0.05224833953023911,0.050248339530239106
MSFT,2018-04-04,2018-04-05,2018-04-06,1,0.709898421979074,-0.010276917105853989,-0.012276917105853989
MSFT,2018-04-05,2018-04-06,2018-04-09,1,0.636990427223018,-0.004918915223189879,-0.006918915223189879
MSFT,2018-04-06,2018-04-09,2018-04-10,1,0.6678924711520171,0.014828823395945712,0.012828823395945712
MSFT,2018-04-09,2018-04-10,2018-04-11,1,0.698393433237982,-0.004112871961213571,-0.006112871961213571
MSFT,2018-04-10,2018-04-11,2018-04-12,1,0.6563865698025159,0.004564777884851434,0.002564777884851434
MSFT,2018-04-11,2018-04-12,2018-04-13,1,0.6746870174352133,0.017526657447245686,0.015526657447245686
MSFT,2018-04-12,2018-04-13,2018-04-16,1,0.6362992366572151,0.0002127136536962393,-0.0017872863463037608
MSFT,2018-04-13,2018-04-16,2018-04-17,1,0.5884991788299755,0.00988630130992485,0.00788630130992485
MSFT,2018-04-16,2018-04-17,2018-04-18,1,0.5909747032025475,0.012841997233265401,0.0108419972332654
MSFT,2018-04-17,2018-04-18,2018-04-19,1,0.5881658255104658,0.002286409172123971,0.00028640917212397095
MSFT,2018-04-27,2018-04-30,2018-05-01,1,0.5733954853072171,-0.03238891337815597,-0.03438891337815597
MSFT,2018-05-01,2018-05-02,2018-05-03,1,0.6462406592840672,-0.021370700436742385,-0.023370700436742387
MSFT,2018-05-02,2018-05-03,2018-05-04,1,0.6401034217823798,0.0038724807841861164,0.0018724807841861164
MSFT,2018-05-03,2018-05-04,2018-05-07,1,0.6159782508143695,0.01982461195716345,0.01782461195716345
MSFT,2018-05-04,2018-05-07,2018-05-08,1,0.6926267502669191,0.007144862654541839,0.005144862654541839
MSFT,2018-05-07,2018-05-08,2018-05-09,1,0.6283301735371648,0.001669351156744936,-0.0003306488432550641
MSFT,2018-05-08,2018-05-09,2018-05-10,1,0.5975756921273524,0.01510268070355747,0.01310268070355747
MSFT,2018-05-09,2018-05-10,2018-05-11,1,0.567503477752133,0.0034888518321183337,0.0014888518321183337
MSFT,2018-06-12,2018-06-13,2018-06-14,-1,0.44392574114838806,-0.0006880547172077867,-0.0013119452827922134
SPY,2017-03-28,2017-03-29,2017-03-30,1,0.5705128181626177,0.0020426289867578884,4.262898675788836e-05
SPY,2017-03-31,2017-04-03,2017-04-04,1,0.5539085054934457,-0.0033925872637845522,-0.005392587263784552
SPY,2017-04-17,2017-04-18,2017-04-19,1,0.550235976405527,0.0034230365355103487,0.0014230365355103487
SPY,2017-04-20,2017-04-21,2017-04-24,1,0.5630971165409808,0.00820352047029349,0.0062035204702934905
SPY,2017-04-27,2017-04-28,2017-05-01,1,0.5628745504799562,-0.0009210249862783293,-0.0029210249862783293
SPY,2017-05-08,2017-05-09,2017-05-10,1,0.5612810335121367,-0.002375327721139242,-0.004375327721139242
SPY,2017-05-09,2017-05-10,2017-05-11,1,0.5690978672547689,-0.00016709668549175216,-0.002167096685491752
SPY,2017-05-10,2017-05-11,2017-05-12,1,0.563967232932813,-0.0010864574583888675,-0.0030864574583888676
SPY,2017-05-11,2017-05-12,2017-05-15,1,0.5655648775789774,0.001589590341683822,-0.0004104096583161781
SPY,2017-05-12,2017-05-15,2017-05-16,1,0.552454269182744,0.004885379522087341,0.002885379522087341
SPY,2017-05-15,2017-05-16,2017-05-17,1,0.5592231993709108,-0.002326825982765346,-0.004326825982765346
SPY,2017-05-16,2017-05-17,2017-05-18,1,0.5625966348075223,-0.018119168155488863,-0.020119168155488865
SPY,2017-05-17,2017-05-18,2017-05-19,1,0.5570939547890751,0.006787617652797229,0.004787617652797229
SPY,2017-05-24,2017-05-25,2017-05-26,1,0.5583933000482938,0.0014096396068945527,-0.0005903603931054473
SPY,2017-05-25,2017-05-26,2017-05-30,1,0.5534502403341223,-0.0008282257267758775,-0.0028282257267758775
SPY,2017-05-26,2017-05-30,2017-05-31,1,0.5647373106179205,0.002071976673884368,7.197667388436808e-05
SPY,2017-05-30,2017-05-31,2017-06-01,1,0.5659403592520978,0.0005375708524952838,-0.0014624291475047162
SPY,2017-05-31,2017-06-01,2017-06-02,1,0.5552762940293835,0.00599255275899413,0.00399255275899413
SPY,2017-06-02,2017-06-05,2017-06-06,1,0.5630425025916748,-0.00258213559434306,-0.00458213559434306
SPY,2017-06-05,2017-06-06,2017-06-07,1,0.5512950023461994,0.0010683906573760726,-0.0009316093426239274
SPY,2017-06-06,2017-06-07,2017-06-08,1,0.5699637720389645,0.0006980172599857504,-0.0013019827400142497
SPY,2017-06-08,2017-06-09,2017-06-12,1,0.557248328333848,-0.003932986016537132,-0.005932986016537132
SPY,2017-07-10,2017-07-11,2017-07-12,1,0.5589293312479415,0.003837289699246904,0.001837289699246904
SPY,2017-08-24,2017-08-25,2017-08-28,1,0.5527246801411948,0.0011024956531058283,-0.0008975043468941717
SPY,2017-08-25,2017-08-28,2017-08-29,1,0.5529302957230637,-0.008606220636207751,-0.010606220636207751
SPY,2017-08-29,2017-08-30,2017-08-31,1,0.5513132812807554,0.007719637780030375,0.005719637780030375
SPY,2017-10-02,2017-10-03,2017-10-04,-1,0.4449201464569031,0.0014663755187644956,-0.0034663755187644956
SPY,2017-10-20,2017-10-23,2017-10-24,-1,0.4442971428467725,-0.003417650243371817,0.001417650243371817
SPY,2017-11-07,2017-11-08,2017-11-09,-1,0.44980388481514466,-0.002863260614149654,0.0008632606141496541
SPY,2017-11-09,2017-11-10,2017-11-13,-1,0.43730178596657654,-0.0016294940484645748,-0.00037050595153542525
SPY,2017-11-10,2017-11-13,2017-11-14,-1,0.4125663963564159,0.0003886036056155451,-0.002388603605615545
SPY,2017-11-21,2017-11-22,2017-11-24,1,0.5736721981212349,0.0012307199350549691,-0.0007692800649450309
SPY,2017-11-24,2017-11-27,2017-11-28,1,0.5629567399944776,0.001343900779995133,-0.000656099220004867
SPY,2017-11-27,2017-11-28,2017-11-29,1,0.5533056111767366,0.00866693091442694,0.00666693091442694
SPY,2017-12-19,2017-12-20,2017-12-21,1,0.5514258010985825,-0.0019755742151150724,-0.003975574215115072
SPY,2017-12-21,2017-12-22,2017-12-26,1,0.5781471769346335,-0.002055294088753601,-0.004055294088753601
SPY,2017-12-22,2017-12-26,2017-12-27,1,0.5788126134061113,0.0012354967048358034,-0.0007645032951641966
SPY,2017-12-26,2017-12-27,2017-12-28,1,0.5661912369223651,0.0019077360224299955,-9.226397757000453e-05
SPY,2017-12-27,2017-12-28,2017-12-29,1,0.6067013634566805,0.0023885947260604556,0.0003885947260604556
SPY,2017-12-28,2017-12-29,2018-01-02,1,0.6040070755366295,-0.002569345027593317,-0.004569345027593317
SPY,2017-12-29,2018-01-02,2018-01-03,1,0.5992247473571798,0.004181336433301208,0.002181336433301208
SPY,2018-01-03,2018-01-04,2018-01-05,1,0.5806827146063961,0.0048304903123161935,0.0028304903123161935
SPY,2018-01-04,2018-01-05,2018-01-08,1,0.5903501071792164,0.002935307846051005,0.0009353078460510051
SPY,2018-01-05,2018-01-08,2018-01-09,1,0.5545191907142123,0.003988096462123059,0.0019880964621230585
SPY,2018-01-12,2018-01-16,2018-01-17,1,0.5507806736836875,-0.004725149163227305,-0.006725149163227305
SPY,2018-01-29,2018-01-30,2018-01-31,1,0.5629335259587632,0.00045998892676912817,-0.0015400110732308719
SPY,2018-02-01,2018-02-02,2018-02-05,1,0.558838042317406,-0.023671787764844465,-0.025671787764844467
SPY,2018-02-02,2018-02-05,2018-02-06,1,0.5985080098431073,-0.0494055993439354,-0.051405599343935404
SPY,2018-02-07,2018-02-08,2018-02-09,1,0.609592233719533,-0.026901855156943766,-0.028901855156943768
SPY,2018-02-12,2018-02-13,2018-02-14,1,0.5929966802687598,0.0012880332292906083,-0.0007119667707093918
SPY,2018-02-13,2018-02-14,2018-02-15,1,0.5519999447108853,0.027467848196094158,0.025467848196094156
SPY,2018-02-14,2018-02-15,2018-02-16,1,0.6127067363562282,0.0027616915393684494,0.0007616915393684493
SPY,2018-02-15,2018-02-16,2018-02-20,1,0.5935734284725213,-0.0010647615143679623,-0.0030647615143679623
SPY,2018-02-16,2018-02-20,2018-02-21,1,0.564657998461939,-0.0004776841043830915,-0.0024776841043830915
SPY,2018-02-20,2018-02-21,2018-02-22,1,0.5795099582131852,-0.0029429394059808933,-0.004942939405980893
SPY,2018-02-21,2018-02-22,2018-02-23,1,0.579804307999725,0.0025454148349077776,0.0005454148349077776
SPY,2018-02-22,2018-02-23,2018-02-26,1,0.5757672408392727,0.015232417567104584,0.013232417567104584
SPY,2018-02-23,2018-02-26,2018-02-27,1,0.6177093334525904,0.007900601158649767,0.005900601158649767
SPY,2018-02-26,2018-02-27,2018-02-28,1,0.576107092527428,-0.008737437921049418,-0.010737437921049418
SPY,2018-02-28,2018-03-01,2018-03-02,1,0.5811221125680122,-0.02066994618545459,-0.022669946185454593
SPY,2018-03-01,2018-03-02,2018-03-05,1,0.555485393558074,0.007260893212345687,0.005260893212345687
SPY,2018-03-05,2018-03-06,2018-03-07,1,0.5749936343772261,-0.010537629108458124,-0.012537629108458124
SPY,2018-03-06,2018-03-07,2018-03-08,1,0.5959367006266378,0.011574470976943196,0.009574470976943196
SPY,2018-03-07,2018-03-08,2018-03-09,1,0.6154148156239175,0.00785955319330367,0.00585955319330367
SPY,2018-03-08,2018-03-09,2018-03-12,1,0.6191653718467701,0.01269535871076366,0.01069535871076366
SPY,2018-03-09,2018-03-12,2018-03-13,1,0.5624378159444245,0.0022921106965958504,0.0002921106965958504
SPY,2018-03-13,2018-03-14,2018-03-15,1,0.5572410897314684,-0.006947085561463617,-0.008947085561463617
SPY,2018-03-14,2018-03-15,2018-03-16,1,0.5613593442348495,-0.0010171600283547244,-0.0030171600283547245
SPY,2018-03-16,2018-03-19,2018-03-20,1,0.587451437504073,-0.008816755129424036,-0.010816755129424037
SPY,2018-03-19,2018-03-20,2018-03-21,1,0.5949283570970891,-0.00014751086137410052,-0.0021475108613741006
SPY,2018-03-21,2018-03-22,2018-03-23,1,0.5509282900102697,-0.013959764800651975,-0.015959764800651977
SPY,2018-03-23,2018-03-26,2018-03-27,1,0.5637184095036177,0.015412385940604123,0.013412385940604123
SPY,2018-03-26,2018-03-27,2018-03-28,1,0.5739350598442311,-0.02036308109040097,-0.02236308109040097
SPY,2018-03-27,2018-03-28,2018-03-29,1,0.6128308579649655,0.001419124140012551,-0.0005808758599874491
SPY,2018-03-28,2018-03-29,2018-04-02,1,0.6824687128201246,0.0054763179718198,0.0034763179718197996
SPY,2018-03-29,2018-04-02,2018-04-03,1,0.6975708742281008,-0.014016417045766727,-0.01601641704576673
SPY,2018-04-02,2018-04-03,2018-04-04,1,0.6698234184589404,-0.008189201587282313,-0.010189201587282313
SPY,2018-04-03,2018-04-04,2018-04-05,1,0.6685971696092655,0.034274322586266504,0.0322743225862665
SPY,2018-04-04,2018-04-05,2018-04-06,1,0.7200367904569308,-0.008021160578429165,-0.010021160578429165
SPY,2018-04-05,2018-04-06,2018-04-09,1,0.6489866999593868,-0.007782104235521614,-0.009782104235521614
SPY,2018-04-06,2018-04-09,2018-04-10,1,0.6821003382474434,0.011095598661932993,0.009095598661932993
SPY,2018-04-09,2018-04-10,2018-04-11,1,0.6852768150133316,-0.0030274336735528484,-0.0050274336735528485
SPY,2018-04-10,2018-04-11,2018-04-12,1,0.7110310862818463,0.0067941919272651585,0.0047941919272651585
SPY,2018-04-11,2018-04-12,2018-04-13,1,0.6644897964295249,0.00810529024972051,0.006105290249720509
SPY,2018-04-12,2018-04-13,2018-04-16,1,0.6325382160798747,-0.0015335606393954704,-0.0035335606393954704
SPY,2018-04-13,2018-04-16,2018-04-17,1,0.634997957778483,0.008726279716387397,0.006726279716387397
SPY,2018-04-16,2018-04-17,2018-04-18,1,0.6211784544049123,0.005049943326618012,0.0030499433266180116
SPY,2018-04-17,2018-04-18,2018-04-19,1,0.559507314166294,-0.0038421541068686116,-0.005842154106868612
SPY,2018-04-26,2018-04-27,2018-04-30,1,0.5571838280422352,0.0009737770811151236,-0.0010262229188848764
SPY,2018-04-27,2018-04-30,2018-05-01,1,0.5964934762153429,-0.012684189773889964,-0.014684189773889965
SPY,2018-04-30,2018-05-01,2018-05-02,1,0.5997111037320954,0.003372707418327625,0.001372707418327625
SPY,2018-05-01,2018-05-02,2018-05-03,1,0.5787697447810993,-0.00944240998155621,-0.01144240998155621
SPY,2018-05-02,2018-05-03,2018-05-04,1,0.5890471232620634,-0.002821419016666993,-0.004821419016666993
SPY,2018-05-03,2018-05-04,2018-05-07,1,0.5594635694280765,0.020533572396876476,0.018533572396876474
SPY,2018-05-07,2018-05-08,2018-05-09,1,0.6029411178813966,0.004427849376669624,0.0024278493766696236
SPY,2018-05-08,2018-05-09,2018-05-10,1,0.596179062338221,0.009936987284801857,0.007936987284801857
SPY,2018-05-09,2018-05-10,2018-05-11,1,0.6125717546371758,0.00673219341732767,0.00473219341732767
SPY,2018-05-25,2018-05-29,2018-05-30,1,0.5545925435085405,0.0007025043683044352,-0.0012974956316955649
SPY,2018-05-29,2018-05-30,2018-05-31,1,0.5925086799534771,0.006100162292606015,0.004100162292606015
SPY,2018-05-31,2018-06-01,2018-06-04,1,0.599516502733818,0.00778239655104862,0.00578239655104862
SPY,2018-06-01,2018-06-04,2018-06-05,1,0.585301088001088,0.0018938518319528974,-0.00010614816804710263
SPY,2018-06-04,2018-06-05,2018-06-06,1,0.6061705356564087,0.0026904160581699976,0.0006904160581699976
SPY,2018-06-05,2018-06-06,2018-06-07,1,0.5736811498727019,0.007832189362531494,0.005832189362531494
SPY,2018-06-06,2018-06-07,2018-06-08,1,0.6085996260439036,-0.003957768392013117,-0.005957768392013117
SPY,2018-06-07,2018-06-08,2018-06-11,1,0.5509212030819123,0.005743339585127627,0.003743339585127627
SPY,2018-06-08,2018-06-11,2018-06-12,1,0.5562862939838533,0.0021189509905021886,0.00011895099050218856
